AU8,AU10,AU5,AU17,AU14,AU6,AU16,AU7,AU18,AU11,AU20,AU9,AU15,AU4,AU2,AU3,AU12,AU13,AU1,AU19
0.48438425831146126,0.4701850301475803,0.46832055789663607,0.4676035887233937,0.4671052631578947,0.4342105263157895,0.2623706793253261,0.26214243572107276,0.2347343898819465,0.19970411508295094,0.1950884685349209,0.19407894736842107,0.09915560601573242,0.09841270293844373,0.07635767779950248,0.06599283380139814,0.06520653732954279,0.06174679017184598,0.03848720949731377,0.014942914112716116
